Type	k2	k4	k8
Case Error	15.9	8.0	5
MWE Error	14.9	13.3	15
Naming Error	43.6	51.4	50
No Error	495.8	501.0	495
POS Error	10.0	13.3	15
Reported Speech	12.5	13.3	15
Tree Error	47.7	60.2	60
Wrong Head	162.4	166.4	180
advmod4amod	9.2	5.6	5
amod4acl	7.6	6.8	5
dep4det	6.0	8.0	5
dep4discourse|mark	6.7	5.6	5
nsubj4obj	10.9	11.2	10
obl4advcl|acl	11.8	12.4	10
Random Errors	147.60000000000002	126.8000000000001	125
